Повседневная обувь;176865;c0
Одежда;126291;c1
Автозапчасти;117480;c2
Печатные книги, журналы, комиксы;105760;c3
Аксессуары;63486;c4
Моющие и чистящие средства;54985;c5
Светильники и аксессуары;52245;c6
Секс игрушки;50220;c7
Игрушки;42822;c8
Аксессуары и принадлежности для рыбалки;42304;c9
Матрасы;41544;c10
Очки для зрения;39909;c11
Бижутерные украшения;39429;c12
Белье;34584;c13
Корма и лакомства для кошек и собак;32278;c14
Набор для рукоделия, творчества;28825;c15
Материал для рукоделия;26841;c16
Столовая посуда;25700;c17
Соки, воды, напитки;25535;c18
Бумажная продукция;25244;c19
Декор и интерьер;22296;c20
Спортивная и рабочая обувь;21963;c21
Шторы и карнизы;19049;c22
Постельное белье;17139;c23
Ковры и ковровые дорожки;15876;c24
Товары для праздников;15636;c25
Хлеб и кондитерские изделия;15568;c26
Спецодежда;15393;c27
Электроустановочные изделия;15316;c28
Автофильтры;14882;c29
Нитки, пряжа;13815;c30
Письменные принадлежности;13683;c31
Диваны и кресла;13219;c32
Косметика для ухода;13030;c33
Косметика для ухода за волосами;12801;c34
Настольные и карточные игры;12626;c35
Конструкторы;12576;c36
Семена и саженцы;12456;c37
Декоративная косметика;11894;c38
Расходные материалы для печати;11730;c39
Инструменты для ремонта и строительства;11283;c40
Расходники для инструмента;10779;c41
Автоковрики и авточехлы;10309;c42
Товар для ухода за животными;9844;c43
Автоаксессуары и принадлежности;9734;c44
БДСМ;9611;c45
Стол;9548;c46
Компьютеры;9541;c47
Оснастка для инструмента;9360;c48
Лампочка;8921;c49
Канцелярия;8601;c50
Аксессуары и запчасти для бытовой техники;8531;c51
Смартфоны, планшеты, мобильные телефоны;8241;c52
Ручки, замки и фурнитура;7861;c53
Парфюмерия;7814;c54
Стулья, скамьи, табуреты, пуфики;7795;c55
Соль, сахар, специи;7747;c56
Пазлы, модели для сборки;7631;c57
Сантехника;7566;c58
Средства от вредителей;7542;c59
Средства для гигиены тела;7499;c60
Посуда для приготовления;7490;c61
Автохимия и автокосметика;7474;c62
Климатическая техника;7299;c63
Экипировка и защита;7175;c64
Обои и покрытия;6906;c65
Пледы и покрывала;6897;c66
Детское творчество и развитие;6825;c67
Товары для велоспорта;6660;c68
Подушки, одеяла;6647;c69
Крепеж и фурнитура;6637;c70
Кабели и переходники;6552;c71
Полотенца и скатерти;6238;c72
Строительная химия;6166;c73
Контактные линзы и средства для ухода;6057;c74
Макароны, крупы, мука;5978;c75
Одежда и обувь для животных;5942;c76
Кровати;5816;c77
Папки и файлы;5787;c78
Личная гигиена;5733;c79
Интимная косметика;5722;c80
Батарейки и аккумуляторы;5649;c81
Комоды и тумбы;5646;c82
Шкафы;5488;c83
Сувениры и подарки;5349;c84
Лекарственные средства;5287;c85
Электронные модули;5091;c86
Сухие завтраки, снэки, суперфудс;4959;c87
Плиты;4939;c88
Наушники и гарнитуры;4920;c89
Линзы контактные, для очков, коррегирующие очки;4893;c90
Хранение вещей;4858;c91
Аксессуар для перевозки и сна;4743;c92
Консервация;4733;c93
Краска, клей;4528;c94
Компьютерные и офисные кресла;4491;c95
Аксессуары для цветов;4489;c96
Миксеры, блендеры, измельчители;4439;c97
Мебель для ванной;4326;c98
Масла, соусы, уксус;4283;c99
Аксессуары для одежды и обуви;4208;c100
Полки и стеллажи;4114;c101
Спортивная одежда;4077;c102
Аксессуары для приготовления пищи;3984;c103
Аксессуар для прогулки и дрессировки;3959;c104
Санфаянс и ванны;3955;c105
Устройства ручного ввода;3915;c106
Средство по уходу за животными;3867;c107
Шины;3843;c108
Лодки и лодочные моторы;3834;c109
Корма и лакомства для других животных;3793;c110
Холодильники;3714;c111
Детские рюкзаки, ранцы, сумки;3595;c112
Питьевая посуда и аксессуары;3590;c113
Варочные панели;3538;c114
Освежители воздуха;3524;c115
Электрические чайники и термопоты;3513;c116
Аксессуары для бани и ванной;3373;c117
Бумага;3366;c118
Спортивное питание;3344;c119
Аксессуары для волос;3302;c120
Водоснабжение и инженерная сантехника;3218;c121
Запчасти для смартфонов;3197;c122
Пылесосы;3180;c123
Вытяжки;3154;c124
Свечи и подсвечники;3134;c125
Кабели и провод;3112;c126
Инструменты для макияжа, маникюра, бани и солярия;3105;c127
Хранение продуктов;3077;c128
Смарт-часы;2986;c129
Автомагнитолы;2932;c130
(don't use) Часы и аксессуары;2889;c131
Инструмент для рукоделия;2885;c132
Фены и термощетки;2821;c133
Фонари и аксессуары;2799;c134
Устройства для стрижки волос и аксессуары;2738;c135
Электродрели;2661;c136
Утюги и отпариватели;2632;c137
Души и душевые кабины;2599;c138
Жесткие диски, SSD и сетевые накопители;2559;c139
Спортивные чехлы и сумки;2538;c140
Радиоуправляемые игрушки;2525;c141
Измерительный инструмент;2449;c142
Маска косметическая;2426;c143
Водонагреватели;2379;c144
Оперативная память;2377;c145
Запчасти для ноутбуков;2355;c146
Средства для гигиены полости рта;2344;c147
Обучающие игры;2330;c148
Тренажеры;2321;c149
Аксессуары для аквариумов и террариумов;2321;c150
Зарядные устройства и док-станции;2300;c151
Сетевые фильтры, разветвители и удлинители;2289;c152
Бассейн;2286;c153
Термосы, термокружки и сифоны для газирования;2286;c154
Оборудование для торговли;2282;c155
Щетки стеклоочистителя;2249;c156
Охота и стрельба;2198;c157
Прикормки, ароматизаторы, насадки;2165;c158
Товары личной гигиены;2144;c159
Фитнес и йога;2142;c160
Арматура и аксессуары для сантехники;2135;c161
Электрика;2115;c162
Стиральная машина;2099;c163
Окна и комплектующие к окнам;2086;c164
Микроволновые печи;2083;c165
Ортопедия, бандажи, компрессионные изделия, протезирование;2057;c166
Видеонаблюдение;2031;c167
Напольные покрытия;1994;c168
Кондиционеры и сплит-системы;1969;c169
Велосипед;1949;c170
Ножи, топоры, лопаты;1935;c171
Часы;1878;c172
Тюнинг и внешний декор;1872;c173
Древесно-плитные материалы;1754;c174
Бинокли и подзорные трубы;1738;c175
Зеркала;1720;c176
Мотоэкипировка;1703;c177
Пенал;1701;c178
Садовая мебель;1695;c179
Туристическая посуда;1685;c180
Одежда и аксессуары эротические;1675;c181
Посуда для животных;1658;c182
Сварочное оборудование;1617;c183
Аксессуары для творчества;1599;c184
Автомобильные масла;1594;c185
Материнские платы;1561;c186
Мебель для кухни;1554;c187
Смесители и душевые системы;1533;c188
Садовый декор и теплицы;1506;c189
Перевоз багажа;1505;c190
Мячи, воланы, снаряды;1504;c191
Акустика и колонки;1466;c192
Инвентарь для дома;1462;c193
Грунт, удобрения и садовая химия;1450;c194
Елки;1437;c195
Электропилы;1429;c196
Кофеварки и кофемашины;1422;c197
Чехлы;1421;c198
Микрофоны и аксессуары;1398;c199
Инвентарь для уборки;1395;c200
Спортивный инвентарь;1392;c201
Аксессуары для фото и видеотехники;1392;c202
Гадания и эзотерика;1386;c203
Скейтборды и самокаты;1382;c204
Мебельная фурнитура и комплектующие;1352;c205
Сетевое оборудование;1350;c206
Инструменты для творчества;1341;c207
Теплый пол;1334;c208
Насосы для дачи;1324;c209
Шлифовальные машины;1320;c210
Парафармацевтика;1295;c211
Ресницы накладные и для наращивания;1282;c212
Подгузники и гигиена;1282;c213
Аккумуляторы;1269;c214
Палатки, тенты, шатры и спальные мешки;1259;c215
Медицинские расходные материалы;1250;c216
Отопление;1234;c217
Швейные машины;1229;c218
Коляски и аксессуары к ним;1214;c219
Санки, снегокаты, тюбинги;1210;c220
Мониторы и запчасти;1186;c221
Кронштейны;1177;c222
Вентиляция;1169;c223
Фоторамки и фотоальбомы;1167;c224
Фильтры для воды;1144;c225
Бутылочки и соски;1102;c226
Ножи кухонные;1095;c227
ИБП;1090;c228
Умный дом;1076;c229
Цветы и растения;1067;c230
Пуфики и банкетки;1067;c231
Букинистические издания;1064;c232
Маски и очки;1044;c233
Посудомоечные машины;1042;c234
Тепловая обработка;1041;c235
Принтеры и МФУ;1023;c236
Радиаторы, конвекторы;1018;c237
Пиломатериал;1011;c238
Столовые приборы;1007;c239
Ароматы для дома;1007;c240
Аксессуары для туризма;1006;c241
Видеокарты и графические ускорители;989;c242
Сувениры и игры эротические;954;c243
Садовый инструмент;941;c244
Товары для полива;931;c245
Садовая техника;919;c246
Свечи зажигания и накаливания;912;c247
Детское питание;906;c248
Парики и шиньоны;901;c249
Ракетки;891;c250
(don't use) Галантерея;858;c251
Колесные диски;855;c252
Принадлежности для гигиены полости рта;850;c253
Мультиварки, хлебопечки, аэрогрили;831;c254
Вешалки для одежды;828;c255
Велосипеды, беговелы и самокаты;826;c256
Запчасти для аудио и видеотехники;813;c257
Паяльное оборудование;801;c258
Коврики для мыши;799;c259
Мебель бескаркасная;795;c260
ЗИП для роликов, самокатов, скейтбордов;794;c261
Компрессор, насос;792;c262
Аксессуары для игровых приставок;789;c263
Лыжи и сноуборды;783;c264
БАДы;765;c265
Весы;754;c266
Оснастка для пневмоинструмента;742;c267
Ароматерапия;739;c268
Телевизоры;728;c269
Ветаптека (лекарственные средства);718;c270
Игровые приставки;712;c271
Зажигалки, огнива и грелки для рук;708;c272
Средства защиты и пожаротушения;707;c273
Стеновые панели;706;c274
Электрические зубные щетки;702;c275
Приготовление алкоголя;694;c276
Кузовные запчасти;693;c277
Аксессуары для лыж и сноубордов;688;c278
Товары для гаражей и автосервисов;686;c279
Конверты и коробки почтовые;685;c280
USB флеш-накопители;678;c281
Средства для принятия ванны;664;c282
Надувная мебель;662;c283
Товары для пикника;654;c284
Массаж;640;c285
Водосточные системы;633;c286
Оснастка и запчасти к садовой технике;631;c287
Чистящие средства и расходные материалы для электроники;627;c288
Ватно-бумажная продукция;625;c289
Детский транспорт;621;c290
Аксессуары и инвентарь для тяжелой атлетики;619;c291
Медицинские инструменты;618;c292
Кемпинговая мебель;615;c293
Станок;614;c294
Дымоходы и комплектующие;611;c295
Игровые и спортивные комплексы;611;c296
Оптические приборы;606;c297
Хранение и организация рабочего места;598;c298
Ленты монтажные и клейкие;596;c299
Системы охлаждения для компьютеров;584;c300
Одноразовая посуда;583;c301
Металлопрокат и металлоконструкции;581;c302
Железные дороги;565;c303
Электроника для автомобиля;555;c304
Медицинские приборы;536;c305
Оборудование и материалы для тату-салона;535;c306
Охранные системы;531;c307
Горелки, лампы и походные печи;525;c308
Межкомнатные двери и арки;520;c309
Одежда для малышей;515;c310
Заготовка, фурнитура для рукоделия;508;c311
Фотоаппараты;494;c312
Комплекты мебели;494;c313
Рюкзаки, чехлы, сумки;491;c314
Изоляционные материалы;488;c315
Входные двери;488;c316
Печати и штампы;486;c317
Спальный мешок;476;c318
Холсты и подрамники;468;c319
Витаминно-минеральные комплексы;462;c320
Средства по уходу за бровями и ресницами;461;c321
Процессоры;452;c322
Мебель детская;445;c323
Ветаптека (парафармацевтика);441;c324
Техника для общепита;440;c325
Ревизионный люк;434;c326
Молочная продукция;429;c327
Бритвенные принадлежности;425;c328
Коврики и маты;417;c329
Кисти косметические;412;c330
Погодные станции и датчики;406;c331
Гладильные доски и сушилки;401;c332
Автомобильный крепеж;400;c333
Товары для реабилитации;398;c334
Такелаж;390;c335
Усилители, ресиверы и ЦАПы;387;c336
Средства для бритья и груминг;383;c337
Корпуса для компьютеров;383;c338
(don't use) Очки и оправы;377;c339
Подвижные игры;377;c340
Вакуумные упаковщики;377;c341
Одежда медицинская;374;c342
Каркасные батуты и аксессуары;369;c343
(don't use) Видеорегистраторы;363;c344
Сушилки для овощей и фруктов;362;c345
Демонстрационные доски и аксессуары;358;c346
Средства для депиляции;352;c347
Аппараты косметологические;350;c348
(don't use) Средства для ухода за обувью, одеждой;348;c349
Товары для кормления;345;c350
Принадлежности для АКБ;344;c351
Мотозапчасти;341;c352
Материалы и средства стоматологические;338;c353
Аксессуары для квадрокоптеров;330;c354
Строительные смеси;329;c355
Проекторы;324;c356
Мочалки и спонжи;324;c357
Металлоискатели и аксессуары;314;c358
Видеокамеры;314;c359
Парфюмерия с феромонами;309;c360
Автомобильные домкраты и лебедки;308;c361
Мебель для бизнеса;305;c362
ТВ-приставки и медиаплееры;301;c363
Аксессуары для ремонта;301;c364
Домофоны;297;c365
Электрооборудование автомобиля;296;c366
Пневматическое оружие и арбалеты;290;c367
Автозвук;288;c368
Блоки питания;286;c369
Промышленное оборудование и комплектующие;283;c370
Детские автокресла;279;c371
Декор и лепнина;275;c372
Антенны и аксессуары;273;c373
Поликарбонат и оргстекло;272;c374
Развивающие и игровые коврики;270;c375
Безопасность ребенка;269;c376
Клей бытовой и строительный;268;c377
Фитнес-браслеты и кардиомониторы;265;c378
Детские музыкальные инструменты;260;c379
Соковыжималки;259;c380
Боксерские груши и мешки;253;c381
Лестницы и стремянки;252;c382
Кулеры для воды;250;c383
Рации и радиостанции;243;c384
Ветаптека (расходные материалы);240;c385
Мебель и оборудование для салонов красоты;239;c386
Магнитолы;235;c387
Водный спорт и отдых на воде;224;c388
Штативы и головки;221;c389
Электромобили детские;221;c390
Медицинские изделия;220;c391
Стульчики для кормления;219;c392
Плитка и керамогранит;219;c393
Офисная техника;217;c394
Химия для аквариума;217;c395
(don't use) Зонты;215;c396
Кровля;214;c397
Автомобильные органайзеры и сумки;204;c398
Пневмоинструмент;202;c399
Лестницы стационарные;200;c400
Гаджеты;197;c401
Строительные фены;193;c402
Ткань;188;c403
Сейфы и архивные шкафы;185;c404
Чертежные принадлежности;182;c405
Клюшки;182;c406
Защитные пленки и стекла;177;c407
(don't use) Фаркоп;171;c408
Эхолоты и аксессуары;167;c409
Конный спорт;166;c410
Противоугонные устройства;157;c411
Печи;156;c412
Мольберты и этюдники;152;c413
Горшки и сиденья детские;146;c414
Объективы;146;c415
Товары для уборки, чистки автомобиля;140;c416
Second-hand книги;139;c417
Часы и электронные будильники;137;c418
Глобус;136;c419
Набор электроинструмента;135;c420
Аэрографы, краскопульты;132;c421
Уход за линзами, очками;132;c422
Карты памяти;129;c423
MP3-плееры;128;c424
Бильярд;128;c425
Ритуальные, религиозные товары;126;c426
Ножи электрические, измельчители отходов;125;c427
Электрорубанок;125;c428
Гончарное дело;122;c429
Переноски для детей;122;c430
Сценическое оборудование и свет;122;c431
Купание ребенка;121;c432
Оборудование для клининга;120;c433
Солнечная, ветряная электростанция;120;c434
Корсеты и корректоры осанки;120;c435
Проводные и DECT-телефоны;119;c436
Аккумуляторы и аксессуары;118;c437
(don't use) Террариумные аксессуары;118;c438
Магниты;117;c439
Насадки для аппаратного маникюра;117;c440
Электронное оборудование для торговли;117;c441
Настенные карты;115;c442
Сопутствующие товары;114;c443
Мотоаксессуары;114;c444
Массажеры, коврики, акупунктура;112;c445
Запчасти и аксессуары для проекторов;112;c446
Навигаторы;110;c447
Виниловые проигрыватели и аксессуары;106;c448
Оборудование для ювелирных работ;106;c449
Потолочные системы;103;c450
Пищевая добавка для животных;100;c451
Канцелярские мелочи;98;c452
Грузоподъемное оборудование;96;c453
Конструкционные материалы;92;c454
Ширмы;91;c455
Аквариумы и террариумы;90;c456
Уход и хранение секс игрушек;89;c457
Гаджеты для животных;82;c458
Столы для настольного тенниса;81;c459
Фейерверки и салюты;80;c460
Текстиль медицинский;79;c461
Звуковые карты;78;c462
Комплектующие для мебели;77;c463
(don't use) Автомобильные компрессоры;77;c464
Очки виртуальной реальности;77;c465
Мясная и рыбная гастрономия;77;c466
Садовые и пляжные зонты;76;c467
Товары для ухода за оружием;75;c468
Прочая техника для дома;72;c469
Домашние кинотеатры;71;c470
Аксессуары для медицинского оборудования, техники, приборов;71;c471
Манеж;69;c472
Аэрография для творчества;66;c473
(don't use) Аксессуары для путешествий;65;c474
Аварийные принадлежности;64;c475
Товары к Пасхе;61;c476
Эпиляторы;60;c477
Силовая техника и оборудование;59;c478
Аксессуары для танцев;55;c479
Аптечка;55;c480
Мобили и дуги в кроватку;53;c481
Реставрация и золочение;52;c482
(don't use) Газовое и газосварочное оборудование;52;c483
CD-проигрыватели и плееры;50;c484
(Don't use) Хоккейный инвентарь;49;c485
Клеевой пистолет;49;c486
Графические планшеты;48;c487
Аксессуары для людей с ограниченными возможностями;47;c488
(don't use) Аксессуары для кухонной техники;47;c489
(Don't use) Пуфики и банкетки;47;c490
Сетевые адаптеры и PoE-инжекторы;47;c491
Лабораторное обеспечение;46;c492
Кондитерские изделия 18+;43;c493
Комплектующее для медицинского оборудования, техники, приборов;43;c494
Аппараты для сварки труб;43;c495
Мебель и текстиль для секса;43;c496
Медицинское оборудование;41;c497
Сиденья и запчасти для сидений автомобилей;41;c498
Манекены;40;c499
(don't use) Бижутерные камни;38;c500
Молокоотсосы;38;c501
Детская комната;37;c502
Встраиваемая бытовая техника;35;c503
Бигуди;35;c504
Антикварные издания;35;c505
(don't use) Оборудование для газовой сварки;35;c506
Электронные книги;34;c507
Оправы, комплектующее для очков;34;c508
Спортивные игровые столы;33;c509
Электрокачели и шезлонги детские;33;c510
(don't use) Аксессуары для пылесоса;33;c511
(Don't use) Комплектующие для мебели;29;c512
Террариум;28;c513
Щетка для сухого массажа;28;c514
Оборудование для парковки;26;c515
(don't use) Парктроник и комплектующие;26;c516
Аксессуары для радиостанции, рации;26;c517
Запчасти для спецтехники;26;c518
Электронные переводчики и словари;25;c519
Радио- и видеоняни;24;c520
Стерилизаторы и подогреватели для бутылочек;24;c521
(don't use) Автомобильные антенны;24;c522
Безалкогольное вино и шампанское;24;c523
(don't use) Тостеры;23;c524
(Don't use) Гаджеты и аксессуары для спорта;22;c525
Безалкогольное пиво;22;c526
Товары для пруда;21;c527
Столярные изделия;21;c528
Медицинская техника;20;c529
DVD и Blu-ray-плееры;19;c530
(Don't use) Мебель для салонов красоты;19;c531
Профессиональные стоматологические приборы и материалы B2B;17;c532
Временные ограждения;17;c533
Аксессуары для массажного стола;16;c534
Электротранспорт;16;c535
Цирковой реквизит;16;c536
Мебель медицинская;16;c537
Оборудование для HoReCa;15;c538
Материал для творчества;15;c539
Белье для малышей;15;c540
Блендеры-пароварки и миксеры молочных смесей;15;c541
Технологическое оборудование;14;c542
Роботы и дроны;14;c543
Гамаки и качели (Don't use);14;c544
(don't use) Автомобильные мониторы;13;c545
Хим средства для дезинфекции, терапии и процедур;12;c546
Тест гинекологический, лабораторный, медицинский;11;c547
(don't use) Насадки для электрических зубных щеток;11;c548
(don't use) Алкотестеры;10;c549
(Don't use) Мебель для хранения алкоголя;10;c550
Готовые дома, бани и гаражи;10;c551
Сумки, органайзеры для творчества;9;c552
Товары для молекулярной кухни;9;c553
Муравьиная ферма;9;c554
Пейнтбол;8;c555
Водоотведение и канализация;7;c556
Боулинг;6;c557
Ювелирные украшения;5;c558
Химия для творчества;5;c559
Головные уборы;4;c560
Газоснабжение;4;c561
Складское оборудование;3;c562
Товары для цветотипирования;3;c563
Врачебная косметология B2B;3;c564
Товары для мам;3;c565
(don't use) Аксессуары для одежды и обуви;2;c566
Аксессуары для саун и бань;2;c567
(don't use) Промышленное кондиционирование;2;c568
Автодома и кемперы;2;c569
Инфракрасные сауны;2;c570
Строительные блоки;2;c571
Расходные материалы для оборудования, техники, приборов;1;c572
Комплекты сантехники;1;c573
Калибраторы;1;c574
Гипсокартон и листовые материалы;1;c575
Аудиокниги на физическом носителе;1;c576
Коллекционирование;1;c577
Антиквариат и винтаж;1;c578
Корма и добавки для птицеводства и животноводства;1;c579
Автомобильные камеры для шин;1;c580
Криминалистика;1;c581
Демонстрационное оборудование;1;c582
